[
    {"id":"1","name":"Private flight","imageUrl":"https://thumbs.dreamstime.com/z/plane-circle-blue-flat-icon-illustration-117302455.jpg","iata":"-","description":"IND","callsign":"","country":"","active":"Y"}
    ,
    {"id":"2","name":"135 Airways","imageUrl":"https://thumbs.dreamstime.com/z/plane-circle-blue-flat-icon-illustration-117302455.jpg","iata":"","description":"GNL","callsign":"GENERAL","country":"United States","active":"N"}
    ,
    {"id":"3","name":"1Time Airline","imageUrl":"https://thumbs.dreamstime.com/z/plane-circle-blue-flat-icon-illustration-117302455.jpg","iata":"1T","description":"RNX","callsign":"NEXTIME","country":"South Africa","active":"Y"}
    ,
    {"id":"4","name":"2 Sqn No 1 Elementary Flying Training School","imageUrl":"https://thumbs.dreamstime.com/z/plane-circle-blue-flat-icon-illustration-117302455.jpg","iata":"","description":"WYT","callsign":"","country":"United Kingdom","active":"N"}
    ,
    {"id":"5","name":"213 Flight Unit","imageUrl":"https://thumbs.dreamstime.com/z/plane-circle-blue-flat-icon-illustration-117302455.jpg","iata":"","description":"TFU","callsign":"","country":"Russia","active":"N"}
    ,
    {"id":"6","name":"223 Flight Unit State Airline","imageUrl":"https://thumbs.dreamstime.com/z/plane-circle-blue-flat-icon-illustration-117302455.jpg","iata":"","description":"CHD","callsign":"CHKALOVSK-AVIA","country":"Russia","active":"N"}
    ,
    {"id":"7","name":"224th Flight Unit","imageUrl":"https://thumbs.dreamstime.com/z/plane-circle-blue-flat-icon-illustration-117302455.jpg","iata":"","description":"TTF","callsign":"CARGO UNIT","country":"Russia","active":"N"}
    ,
    {"id":"8","name":"247 Jet Ltd","imageUrl":"https://thumbs.dreamstime.com/z/plane-circle-blue-flat-icon-illustration-117302455.jpg","iata":"","description":"TWF","callsign":"CLOUD RUNNER","country":"United Kingdom","active":"N"}
    ,
    {"id":"9","name":"3D Aviation","imageUrl":"https://thumbs.dreamstime.com/z/plane-circle-blue-flat-icon-illustration-117302455.jpg","iata":"","description":"SEC","callsign":"SECUREX","country":"United States","active":"N"}
    
]
